<?xml version="1.0" encoding="UTF-8"?>
<!DOCTYPE hibernate-reverse-engineering PUBLIC "-//Hibernate/Hibernate Reverse Engineering DTD 3.0//EN" "http://hibernate.org/dtd/hibernate-reverse-engineering-3.0.dtd" >

<hibernate-reverse-engineering>
  <table-filter match-catalog="cginversiones" match-name="areas"/>
  <table-filter match-catalog="cginversiones" match-name="bancos"/>
  <table-filter match-catalog="cginversiones" match-name="cargos"/>
  <table-filter match-catalog="cginversiones" match-name="comprobantes"/>
  <table-filter match-catalog="cginversiones" match-name="cuentas"/>
  <table-filter match-catalog="cginversiones" match-name="movimientos"/>
  <table-filter match-catalog="cginversiones" match-name="solicitudpresupuesto"/>
  <table-filter match-catalog="cginversiones" match-name="usuarios"/>
</hibernate-reverse-engineering>